id,first_name,last_name,email,gender,ip_address
1,Juline,Christian,jchristian0@harvard.edu,Female,196.179.180.246
2,Lotty,Tantum,ltantum1@mtv.com,Female,66.101.245.51
3,Jill,Iddison,jiddison2@360.cn,Female,18.19.170.4
4,Livy,Sparry,lsparry3@usa.gov,Female,198.73.2.225
5,Lanny,Shearmur,lshearmur4@archive.org,Female,100.133.172.82
6,Bernarr,Mapam,bmapam5@skyrock.com,Male,148.54.63.146
7,Katha,Van Dale,kvandale6@dropbox.com,Female,75.163.51.117
8,Westley,Faint,wfaint7@cbslocal.com,Male,133.89.101.231
9,Romola,Stockoe,rstockoe8@fc2.com,Female,133.148.54.142
10,Elisabeth,Winter,ewinter9@washingtonpost.com,Female,119.67.72.167
11,Herbert,Spring,hspringa@163.com,Male,143.185.17.77
12,Chance,Ireland,cirelandb@behance.net,Male,182.245.232.211
13,Josefa,Rawkesby,jrawkesbyc@imageshack.us,Female,118.202.128.233
14,Kass,Metcalfe,kmetcalfed@friendfeed.com,Female,75.79.189.65
15,Edwina,Kinkade,ekinkadee@jigsy.com,Female,230.107.211.70
16,Horace,Danielut,hdanielutf@apple.com,Male,47.83.98.11
17,Emogene,Nancekivell,enancekivellg@wiley.com,Female,163.29.64.85
18,Curry,Longmate,clongmateh@unc.edu,Male,202.0.141.244
19,Adela,Sisland,asislandi@arizona.edu,Female,20.13.166.53
20,Dorothee,Blois,dbloisj@so-net.ne.jp,Female,93.11.104.148
21,Phaedra,Ebanks,pebanksk@a8.net,Female,141.153.233.192
22,Rosco,Tumpane,rtumpanel@state.gov,Male,9.165.66.25
23,Franky,Wixey,fwixeym@altervista.org,Male,190.25.36.115
24,Anabel,Maroney,amaroneyn@altervista.org,Female,191.41.139.39
25,Tracie,Neeves,tneeveso@goodreads.com,Female,234.189.23.40
26,Alfy,Ouver,aouverp@yale.edu,Female,210.53.116.68
27,Wendall,Gehringer,wgehringerq@google.ru,Male,36.95.33.7
28,Maddi,Avrahamoff,mavrahamoffr@wsj.com,Female,128.165.141.143
29,Nolie,Kubacki,nkubackis@wix.com,Female,36.135.90.141
30,Jandy,Playden,jplaydent@google.com.au,Female,155.132.201.50
31,Durand,Di Biasio,ddibiasiou@typepad.com,Male,61.140.238.16
32,Pauly,Pletts,pplettsv@comcast.net,Male,43.88.109.119
33,Cicily,Lauks,clauksw@posterous.com,Female,68.25.239.0
34,Lavinia,Josephy,ljosephyx@cdbaby.com,Female,5.23.86.126
35,Nestor,Killimister,nkillimistery@chicagotribune.com,Male,60.191.21.228
36,Hadria,Allon,hallonz@arstechnica.com,Female,151.135.67.213
37,Jessamyn,Sinisbury,jsinisbury10@icio.us,Female,218.91.223.37
38,Ricky,Josupeit,rjosupeit11@shinystat.com,Female,181.134.89.151
39,Donnie,Goforth,dgoforth12@baidu.com,Male,117.3.94.58
40,Catarina,Monshall,cmonshall13@oracle.com,Female,177.147.52.70
41,Elisha,Batstone,ebatstone14@bluehost.com,Female,91.108.58.26
42,Cristal,Podbury,cpodbury15@prweb.com,Female,28.128.243.164
43,Asa,Esel,aesel16@skype.com,Male,149.248.199.230
44,Horatio,Gilbey,hgilbey17@e-recht24.de,Male,156.27.119.29
45,Quinton,Drohane,qdrohane18@drupal.org,Male,204.18.63.189
46,Cyrille,Berfoot,cberfoot19@seattletimes.com,Male,208.72.34.18
47,Lanette,Tunny,ltunny1a@time.com,Female,174.128.27.161
48,Edithe,Stare,estare1b@va.gov,Female,216.102.81.216
49,Barnabas,Noot,bnoot1c@si.edu,Male,62.123.12.103
50,Justinn,Rickerd,jrickerd1d@addtoany.com,Female,41.220.251.34
51,Angie,Selby,aselby1e@myspace.com,Female,179.215.93.154
52,Waverley,Frontczak,wfrontczak1f@sogou.com,Male,111.30.12.8
53,Talia,Guillot,tguillot1g@intel.com,Female,220.53.26.105
54,Jesse,Viall,jviall1h@bloglines.com,Male,235.99.2.22
55,Laurice,Bryceson,lbryceson1i@apple.com,Female,19.140.18.3
56,Duff,Domeny,ddomeny1j@unblog.fr,Male,9.196.238.226
57,Bail,Hirche,bhirche1k@tinyurl.com,Male,210.73.74.149
58,Aluin,Ramirez,aramirez1l@independent.co.uk,Male,186.236.223.29
59,Clair,Wormleighton,cwormleighton1m@mayoclinic.com,Female,193.40.7.89
60,Courtney,Tupper,ctupper1n@nifty.com,Female,200.129.234.41
61,Norby,Emmett,nemmett1o@mit.edu,Male,42.210.46.158
62,Gypsy,Pitkaithly,gpitkaithly1p@mayoclinic.com,Female,227.65.0.66
63,Rosamond,Burkwood,rburkwood1q@chronoengine.com,Female,229.128.195.178
64,Rees,Prazor,rprazor1r@blogs.com,Male,118.73.241.79
65,Arty,Baldassi,abaldassi1s@washingtonpost.com,Male,36.11.88.154
66,Marti,Saffe,msaffe1t@ameblo.jp,Female,235.187.201.11
67,Ravi,Somes,rsomes1u@addtoany.com,Male,206.185.153.90
68,Maximilian,Trasler,mtrasler1v@tiny.cc,Male,81.147.108.191
69,Annabel,Fevier,afevier1w@arizona.edu,Female,94.212.56.22
70,Garrott,Sloley,gsloley1x@microsoft.com,Male,241.117.211.227
71,Langsdon,Jeanin,ljeanin1y@senate.gov,Male,106.17.37.219
72,Tiphanie,Kennefick,tkennefick1z@webmd.com,Female,192.138.202.2
73,Anson,Haseman,ahaseman20@a8.net,Male,77.75.186.19
74,Emmery,Whitwell,ewhitwell21@telegraph.co.uk,Male,122.92.143.36
75,Kaylil,Bugbird,kbugbird22@reverbnation.com,Female,30.25.116.48
76,Gardy,Lively,glively23@timesonline.co.uk,Male,88.45.210.54
77,Alexandro,Moreinu,amoreinu24@cocolog-nifty.com,Male,4.31.50.29
78,Zebadiah,Aitkin,zaitkin25@hao123.com,Male,224.218.16.144
79,Ned,Cuniam,ncuniam26@fc2.com,Male,216.203.252.114
80,Damaris,Rawstorne,drawstorne27@time.com,Female,129.154.122.204
81,Anatol,Mozzi,amozzi28@mozilla.org,Male,132.8.186.193
82,Archy,Dryden,adryden29@cisco.com,Male,85.19.118.149
83,Jesse,Greves,jgreves2a@phpbb.com,Female,188.149.176.130
84,Arley,Gwynn,agwynn2b@microsoft.com,Male,195.85.117.234
85,Winifield,Caldayrou,wcaldayrou2c@merriam-webster.com,Male,19.160.137.211
86,Emlynn,Hallor,ehallor2d@ft.com,Female,133.141.208.44
87,Floyd,Daspar,fdaspar2e@prnewswire.com,Male,9.59.16.62
88,Chrissie,Saynor,csaynor2f@weibo.com,Male,65.205.200.104
89,Slade,Ugolini,sugolini2g@wix.com,Male,182.71.180.183
90,Gerek,Brolly,gbrolly2h@sbwire.com,Male,138.213.174.63
91,Blair,Blackshaw,bblackshaw2i@engadget.com,Male,151.251.59.55
92,Ealasaid,Bolitho,ebolitho2j@naver.com,Female,35.203.125.115
93,Brear,Diggell,bdiggell2k@ocn.ne.jp,Female,127.180.34.3
94,Monique,Artist,martist2l@twitter.com,Female,13.163.16.228
95,Lindsey,Seggie,lseggie2m@opera.com,Male,117.106.173.134
96,Marianne,Gimeno,mgimeno2n@wired.com,Female,58.26.71.171
97,Paige,Bayley,pbayley2o@networksolutions.com,Male,228.222.91.91
98,Kalinda,Sarson,ksarson2p@nih.gov,Female,159.45.196.218
99,Reggy,Lardnar,rlardnar2q@posterous.com,Male,102.209.22.70
100,Laurianne,Revell,lrevell2r@tumblr.com,Female,194.139.253.248
101,Sergei,Dewis,sdewis2s@t.co,Male,119.138.117.20
102,Kass,Sucre,ksucre2t@adobe.com,Female,211.218.75.106
103,Lishe,Pettipher,lpettipher2u@umich.edu,Female,215.99.69.80
104,Franklin,Loxdale,floxdale2v@ocn.ne.jp,Male,159.248.186.16
105,Junina,Jachimczak,jjachimczak2w@qq.com,Female,23.21.12.245
106,Henrie,De Hooge,hdehooge2x@sbwire.com,Female,195.200.66.98
107,Agatha,Ditter,aditter2y@ed.gov,Female,140.3.7.214
108,Briano,Riggert,briggert2z@meetup.com,Male,207.95.28.106
109,Rosanna,Layfield,rlayfield30@dot.gov,Female,162.167.11.51
110,Frasquito,Kenvin,fkenvin31@nbcnews.com,Male,17.146.165.97
111,Kimberley,Spacey,kspacey32@deviantart.com,Female,7.114.169.99
112,Rici,Muddicliffe,rmuddicliffe33@jalbum.net,Female,198.135.100.17
113,Tyson,Trotman,ttrotman34@quantcast.com,Male,26.85.200.214
114,Andriana,McNeilly,amcneilly35@abc.net.au,Female,174.180.172.12
115,Lemmie,Siggin,lsiggin36@intel.com,Male,79.133.50.170
116,Martina,Bartleet,mbartleet37@goodreads.com,Female,220.49.7.121
117,Blanche,Croxon,bcroxon38@weebly.com,Female,108.192.70.208
118,Reynold,Coslett,rcoslett39@acquirethisname.com,Male,79.7.237.238
119,Grove,Pennicard,gpennicard3a@netscape.com,Male,84.68.89.255
120,Vivienne,Noor,vnoor3b@pen.io,Female,197.253.12.210
121,Oralie,Robbe,orobbe3c@imgur.com,Female,66.88.18.7
122,Eldin,Brunnen,ebrunnen3d@youku.com,Male,155.215.231.50
123,Manny,O' Donohue,modonohue3e@webs.com,Male,104.75.104.85
124,Ellen,Beamson,ebeamson3f@cbsnews.com,Female,215.45.128.44
125,Alis,Rief,arief3g@japanpost.jp,Female,64.21.223.84
126,Herb,Wellwood,hwellwood3h@freewebs.com,Male,168.194.12.157
127,Reidar,Pinnocke,rpinnocke3i@go.com,Male,117.226.213.65
128,Bliss,Romanetti,bromanetti3j@1und1.de,Female,233.46.164.194
129,Adler,Hayer,ahayer3k@linkedin.com,Male,204.157.134.105
130,Kellyann,Packman,kpackman3l@privacy.gov.au,Female,144.28.78.47
131,Woodman,Dahill,wdahill3m@booking.com,Male,104.90.217.207
132,Sayer,Liffey,sliffey3n@ustream.tv,Male,216.208.226.137
133,Daryn,Meeke,dmeeke3o@house.gov,Female,195.37.184.100
134,Sidonia,Giannazzo,sgiannazzo3p@theglobeandmail.com,Female,192.135.164.168
135,Elsbeth,Kordt,ekordt3q@booking.com,Female,136.117.208.134
136,Bernadette,Bramich,bbramich3r@devhub.com,Female,182.112.115.144
137,Brier,Caseborne,bcaseborne3s@tmall.com,Female,26.40.148.207
138,Nora,Maylam,nmaylam3t@over-blog.com,Female,154.53.6.164
139,Ainslie,Stringfellow,astringfellow3u@vk.com,Female,152.210.254.105
140,Lombard,McVeagh,lmcveagh3v@nbcnews.com,Male,147.19.48.145
141,Louis,Bougourd,lbougourd3w@ibm.com,Male,170.172.48.198
142,Joshuah,Schulkins,jschulkins3x@about.me,Male,83.128.47.218
143,Richmound,Edgerley,redgerley3y@opera.com,Male,108.33.250.94
144,Merle,Mouton,mmouton3z@angelfire.com,Female,139.77.173.7
145,Enrika,Rowen,erowen40@infoseek.co.jp,Female,18.131.95.226
146,Tami,Scanes,tscanes41@quantcast.com,Female,173.234.249.112
147,Mellisent,Juett,mjuett42@com.com,Female,121.10.253.124
148,Gilberto,Besnardeau,gbesnardeau43@privacy.gov.au,Male,72.115.53.143
149,Patrizio,Hallatt,phallatt44@mlb.com,Male,206.142.142.66
150,Kristian,Tew,ktew45@archive.org,Male,18.234.151.43
151,Sean,Tchaikovsky,stchaikovsky46@google.com.hk,Male,38.58.251.142
152,Dana,Ondra,dondra47@fastcompany.com,Male,184.16.50.59
153,Nigel,Sheal,nsheal48@wired.com,Male,230.102.117.95
154,Flss,Cunnane,fcunnane49@theglobeandmail.com,Female,70.73.80.77
155,Kean,Imms,kimms4a@nytimes.com,Male,153.126.57.124
156,Meyer,Bread,mbread4b@go.com,Male,196.148.228.81
157,Lance,Edensor,ledensor4c@sciencedaily.com,Male,185.105.251.77
158,Cornelius,Castaignet,ccastaignet4d@foxnews.com,Male,162.79.101.228
159,Chrisy,Yakunchikov,cyakunchikov4e@usatoday.com,Male,222.66.115.139
160,Ingar,Hengoed,ihengoed4f@mozilla.com,Male,39.36.177.247
161,Chas,Prandini,cprandini4g@gizmodo.com,Male,37.247.219.232
162,Antoine,Lytton,alytton4h@ehow.com,Male,47.80.121.48
163,Wilfred,Tourle,wtourle4i@timesonline.co.uk,Male,159.155.6.207
164,Audre,Beetles,abeetles4j@t-online.de,Female,147.170.17.72
165,Anson,Scutter,ascutter4k@aol.com,Male,195.172.170.249
166,Bobby,Kohler,bkohler4l@vistaprint.com,Female,113.186.241.164
167,Adan,Bicheno,abicheno4m@instagram.com,Male,12.188.78.253
168,Scotti,Perris,sperris4n@hao123.com,Male,210.186.43.24
169,Chico,Shillabear,cshillabear4o@mtv.com,Male,128.67.203.227
170,Charil,Fearby,cfearby4p@stanford.edu,Female,73.51.0.103
171,Vinny,Whitewood,vwhitewood4q@washington.edu,Female,108.142.201.93
172,Fredia,Gross,fgross4r@state.tx.us,Female,174.16.192.197
173,Bord,Adamiak,badamiak4s@icq.com,Male,179.27.107.183
174,Brittni,Lattin,blattin4t@oaic.gov.au,Female,100.177.186.22
175,Edwina,Covet,ecovet4u@cnet.com,Female,219.249.142.15
176,Cherilyn,Sivyour,csivyour4v@java.com,Female,35.77.139.43
177,Nancee,Crayton,ncrayton4w@dailymail.co.uk,Female,63.192.117.99
178,Janelle,Margerison,jmargerison4x@domainmarket.com,Female,77.146.83.242
179,Cathyleen,Libermore,clibermore4y@seattletimes.com,Female,111.57.236.45
180,Johnette,Shark,jshark4z@alexa.com,Female,131.28.192.196
181,Kira,Abramovici,kabramovici50@youtu.be,Female,56.59.182.29
182,Bronnie,Semarke,bsemarke51@privacy.gov.au,Male,207.10.152.86
183,Paxon,Sugg,psugg52@ihg.com,Male,94.130.90.130
184,Bonnie,Figurski,bfigurski53@cyberchimps.com,Female,53.87.66.53
185,Ham,Latchmore,hlatchmore54@ucoz.com,Male,105.2.208.223
186,Rufus,Dabbs,rdabbs55@g.co,Male,6.167.54.128
187,Ilyssa,Askie,iaskie56@hatena.ne.jp,Female,211.223.169.29
188,Nicola,Dawtry,ndawtry57@bloglovin.com,Male,113.9.185.117
189,Allegra,Blanch,ablanch58@stumbleupon.com,Female,201.81.231.146
190,Paddie,Fairleigh,pfairleigh59@ox.ac.uk,Male,120.192.138.166
191,Francklin,Glyde,fglyde5a@nhs.uk,Male,177.196.76.237
192,Verge,Carratt,vcarratt5b@europa.eu,Male,66.154.138.218
193,Marlow,Dibson,mdibson5c@ovh.net,Male,217.75.157.236
194,Keene,Corner,kcorner5d@vistaprint.com,Male,12.246.106.208
195,Iggy,Soulsby,isoulsby5e@va.gov,Male,230.3.76.94
196,Gan,Le Barr,glebarr5f@nationalgeographic.com,Male,20.63.216.125
197,Shea,Dalliwatr,sdalliwatr5g@is.gd,Female,56.0.155.130
198,Madelyn,Northern,mnorthern5h@dailymail.co.uk,Female,247.173.174.0
199,Noell,Mascall,nmascall5i@ow.ly,Female,57.103.100.17
200,Ilka,Keeton,ikeeton5j@foxnews.com,Female,232.74.146.150
201,Edgardo,Curgenuer,ecurgenuer5k@spotify.com,Male,67.112.82.31
202,Falkner,Rendall,frendall5l@washingtonpost.com,Male,139.58.127.228
203,Mahmud,Garstan,mgarstan5m@scientificamerican.com,Male,171.103.72.130
204,Star,Sayse,ssayse5n@digg.com,Female,139.171.128.122
205,Patrica,Mallison,pmallison5o@noaa.gov,Female,4.17.75.53
206,Alexei,Ellwell,aellwell5p@etsy.com,Male,117.189.90.110
207,Vanessa,Samter,vsamter5q@360.cn,Female,27.53.126.181
208,Pierre,Parkisson,pparkisson5r@bbc.co.uk,Male,73.13.167.135
209,Lazar,Goodbody,lgoodbody5s@4shared.com,Male,225.148.249.155
210,Paddy,Ingraham,pingraham5t@posterous.com,Male,141.185.181.120
211,Dilly,Morrilly,dmorrilly5u@i2i.jp,Male,121.80.65.106
212,Leandra,Thaller,lthaller5v@state.gov,Female,172.220.10.41
213,Finley,Melledy,fmelledy5w@nps.gov,Male,148.236.77.222
214,Elita,O'Coskerry,eocoskerry5x@addthis.com,Female,212.197.85.220
215,Cheslie,Lutwyche,clutwyche5y@whitehouse.gov,Female,53.183.24.67
216,Vachel,Donoher,vdonoher5z@wunderground.com,Male,132.201.50.237
217,Correy,Downing,cdowning60@dmoz.org,Male,225.161.70.250
218,Glenda,Kenealy,gkenealy61@webeden.co.uk,Female,76.30.156.174
219,Stafford,Delve,sdelve62@alexa.com,Male,200.76.179.207
220,Maggy,Pic,mpic63@springer.com,Female,76.157.139.68
221,Maggi,MacFadzean,mmacfadzean64@europa.eu,Female,214.219.210.67
222,Phylys,Winram,pwinram65@usa.gov,Female,152.211.133.151
223,Livy,Vasilenko,lvasilenko66@arizona.edu,Female,30.221.36.143
224,Ernaline,Diamond,ediamond67@soup.io,Female,223.34.225.106
225,Arlan,Craigmyle,acraigmyle68@washingtonpost.com,Male,171.197.32.31
226,Babita,Hess,bhess69@freewebs.com,Female,133.77.204.138
227,Karlee,Cresser,kcresser6a@cdbaby.com,Female,171.5.100.234
228,Ursuline,Kyles,ukyles6b@ebay.co.uk,Female,35.104.194.13
229,Shalna,Loft,sloft6c@last.fm,Female,236.129.212.187
230,Morly,Lakenden,mlakenden6d@yolasite.com,Male,42.198.64.1
231,Jannelle,Reeve,jreeve6e@prlog.org,Female,46.24.25.184
232,Maryl,Levet,mlevet6f@elegantthemes.com,Female,117.178.161.178
233,Mattie,Huckin,mhuckin6g@businessinsider.com,Female,117.111.36.75
234,Dore,Clingoe,dclingoe6h@wikipedia.org,Female,130.147.129.114
235,Janey,Mabley,jmabley6i@simplemachines.org,Female,147.27.202.2
236,Aubrie,Collie,acollie6j@domainmarket.com,Female,126.22.34.22
237,Sissie,Rosendall,srosendall6k@rambler.ru,Female,224.109.83.30
238,Erl,Vondrach,evondrach6l@cdc.gov,Male,253.63.39.241
239,Geraldine,Brobak,gbrobak6m@webnode.com,Female,128.186.69.59
240,Sullivan,Addey,saddey6n@networksolutions.com,Male,58.221.78.166
241,Berget,Colafate,bcolafate6o@51.la,Female,16.74.102.216
242,Liliane,Arnopp,larnopp6p@ebay.com,Female,158.42.105.159
243,Viole,Melley,vmelley6q@icio.us,Female,204.154.244.197
244,Langsdon,Teek,lteek6r@ehow.com,Male,156.124.242.39
245,Eberto,Farnall,efarnall6s@51.la,Male,203.169.33.12
246,Marilin,Biskupski,mbiskupski6t@sbwire.com,Female,10.87.240.42
247,Cortie,Scathard,cscathard6u@feedburner.com,Male,48.107.119.99
248,Glynis,Klimov,gklimov6v@webeden.co.uk,Female,37.78.73.127
249,Gerty,Ramelet,gramelet6w@miibeian.gov.cn,Female,237.17.143.86
250,Zechariah,Fayne,zfayne6x@aboutads.info,Male,20.105.242.239
251,Randie,Penticoot,rpenticoot6y@eepurl.com,Female,173.249.69.167
252,Garret,Sheed,gsheed6z@wufoo.com,Male,13.217.205.164
253,Bink,Rothert,brothert70@mozilla.com,Male,187.186.56.35
254,Mei,Piscotti,mpiscotti71@oaic.gov.au,Female,250.250.154.105
255,Truman,Matusevich,tmatusevich72@wired.com,Male,114.229.86.40
256,Ulrick,Gowanlock,ugowanlock73@quantcast.com,Male,203.137.170.151
257,Ester,McGuckin,emcguckin74@youku.com,Female,58.28.187.226
258,Dud,Duchenne,dduchenne75@sciencedaily.com,Male,169.126.90.227
259,Homerus,Spillane,hspillane76@abc.net.au,Male,1.167.211.164
260,Read,Sodor,rsodor77@yellowpages.com,Male,51.45.32.155
261,Vasilis,Stowgill,vstowgill78@uiuc.edu,Male,189.237.242.220
262,Liesa,Dumphreys,ldumphreys79@quantcast.com,Female,104.72.86.145
263,Georges,Lamberts,glamberts7a@nationalgeographic.com,Male,172.117.248.29
264,Godfry,Abbatini,gabbatini7b@naver.com,Male,29.112.173.111
265,Flynn,Netti,fnetti7c@linkedin.com,Male,28.43.36.233
266,Robena,Adin,radin7d@utexas.edu,Female,146.79.211.140
267,Charmaine,Whaplington,cwhaplington7e@seesaa.net,Female,156.203.97.122
268,Blair,Santon,bsanton7f@dyndns.org,Female,53.57.252.149
269,Normand,Housbey,nhousbey7g@phoca.cz,Male,56.165.19.72
270,Truda,Lars,tlars7h@about.me,Female,13.78.6.216
271,Damaris,Searles,dsearles7i@yolasite.com,Female,229.40.49.134
272,Thedrick,Indruch,tindruch7j@ca.gov,Male,115.171.30.226
273,Mendie,McClarence,mmcclarence7k@telegraph.co.uk,Male,210.86.217.181
274,Kerrin,Eccles,keccles7l@bandcamp.com,Female,110.106.121.34
275,Nan,Armatys,narmatys7m@apache.org,Female,109.100.43.130
276,Matthieu,Woolway,mwoolway7n@booking.com,Male,124.140.66.251
277,Samantha,Devonport,sdevonport7o@whitehouse.gov,Female,56.203.7.50
278,Goldarina,Whyler,gwhyler7p@technorati.com,Female,54.36.160.88
279,Hadleigh,Boice,hboice7q@stanford.edu,Male,217.157.34.25
280,Gerik,Keeton,gkeeton7r@hatena.ne.jp,Male,244.78.197.129
281,Shaylyn,Ausher,sausher7s@archive.org,Female,178.161.51.141
282,Bil,Gilfoyle,bgilfoyle7t@house.gov,Male,108.3.100.95
283,Rosemarie,Melloi,rmelloi7u@tinypic.com,Female,36.236.194.96
284,Rodrick,Rosin,rrosin7v@taobao.com,Male,31.10.0.80
285,Shelli,Owenson,sowenson7w@noaa.gov,Female,159.95.201.43
286,Emalee,Swallow,eswallow7x@epa.gov,Female,132.254.25.140
287,Aindrea,Bruineman,abruineman7y@europa.eu,Female,37.33.26.136
288,Christopher,Ludovico,cludovico7z@washington.edu,Male,100.226.255.9
289,Josee,Lukianovich,jlukianovich80@apache.org,Female,113.102.98.242
290,Udell,Glassard,uglassard81@creativecommons.org,Male,109.90.93.28
291,Sebastien,Garroway,sgarroway82@unicef.org,Male,106.17.253.36
292,Carlie,Schwieso,cschwieso83@ucoz.ru,Male,174.203.39.106
293,Gaby,Askell,gaskell84@edublogs.org,Male,127.162.67.140
294,Casper,Rudge,crudge85@ucoz.com,Male,49.196.69.242
295,Brandi,Blakeman,bblakeman86@barnesandnoble.com,Female,214.14.192.178
296,Wallis,Piscopiello,wpiscopiello87@dailymail.co.uk,Female,166.39.17.15
297,Chadd,Kirstein,ckirstein88@adobe.com,Male,42.42.192.74
298,Henrie,Shires,hshires89@ning.com,Female,174.31.140.229
299,Veronike,Greenshields,vgreenshields8a@51.la,Female,153.231.111.161
300,Silvio,Nisuis,snisuis8b@de.vu,Male,145.50.121.167
301,Brook,Shepperd,bshepperd8c@g.co,Male,213.208.8.99
302,Orin,Heighton,oheighton8d@tuttocitta.it,Male,234.152.98.118
303,David,Yakovitch,dyakovitch8e@issuu.com,Male,177.231.69.25
304,Joshua,Keinrat,jkeinrat8f@sakura.ne.jp,Male,9.14.93.129
305,Perri,Tann,ptann8g@wisc.edu,Female,116.101.255.212
306,Phip,Bacop,pbacop8h@cnet.com,Male,220.202.69.203
307,Sharity,Matussevich,smatussevich8i@paypal.com,Female,218.10.237.59
308,Pasquale,Bresson,pbresson8j@edublogs.org,Male,187.115.42.99
309,Aretha,Lorenc,alorenc8k@ow.ly,Female,204.160.55.194
310,Kalindi,MacCafferty,kmaccafferty8l@cdbaby.com,Female,126.3.15.29
311,Benedikta,Ibbeson,bibbeson8m@ezinearticles.com,Female,149.95.102.247
312,Clemmie,Groom,cgroom8n@cnbc.com,Male,186.169.239.192
313,Casey,Noulton,cnoulton8o@slashdot.org,Male,220.245.111.254
314,Jude,Prowting,jprowting8p@hhs.gov,Male,234.167.133.52
315,Trenna,McMackin,tmcmackin8q@google.de,Female,193.80.93.110
316,Dotty,Tanner,dtanner8r@barnesandnoble.com,Female,153.83.33.158
317,Mari,Kirtlan,mkirtlan8s@tinypic.com,Female,77.21.232.14
318,Rowen,Finlator,rfinlator8t@webnode.com,Male,40.78.207.173
319,Carri,Menloe,cmenloe8u@china.com.cn,Female,57.191.125.236
320,Trixy,Starten,tstarten8v@ca.gov,Female,38.142.170.220
321,Burgess,Cavendish,bcavendish8w@ehow.com,Male,104.147.233.181
322,Sigfrid,Childerhouse,schilderhouse8x@friendfeed.com,Male,88.69.232.57
323,Charmian,Audibert,caudibert8y@tamu.edu,Female,252.223.204.8
324,Ricki,Leveritt,rleveritt8z@aboutads.info,Male,189.102.120.103
325,Baily,Hydes,bhydes90@yelp.com,Male,171.33.159.254
326,Johannes,Garred,jgarred91@addtoany.com,Male,251.242.144.123
327,Chevalier,Caslane,ccaslane92@mozilla.com,Male,198.207.172.91
328,Nestor,Billison,nbillison93@t.co,Male,77.212.35.189
329,Gerda,Carman,gcarman94@cornell.edu,Female,105.191.84.70
330,Myranda,Drillot,mdrillot95@marriott.com,Female,204.115.66.164
331,Selma,Sigfrid,ssigfrid96@mapy.cz,Female,221.33.23.14
332,Skyler,Vamplus,svamplus97@elegantthemes.com,Male,63.193.45.70
333,Selby,Trillow,strillow98@cdc.gov,Male,219.134.95.9
334,Ianthe,Massey,imassey99@moonfruit.com,Female,229.66.62.91
335,Katharyn,Lotherington,klotherington9a@dailymotion.com,Female,158.43.225.102
336,Hatti,Desaur,hdesaur9b@clickbank.net,Female,23.157.162.85
337,Sidoney,Malinowski,smalinowski9c@yandex.ru,Female,46.1.175.49
338,Brion,Dobbinson,bdobbinson9d@dailymotion.com,Male,58.211.125.139
339,Eva,Sandiland,esandiland9e@nyu.edu,Female,235.40.54.115
340,Ileane,Beentjes,ibeentjes9f@jugem.jp,Female,240.5.42.239
341,Coralie,Dayne,cdayne9g@vk.com,Female,173.66.204.190
342,Alfonso,Bunkle,abunkle9h@paginegialle.it,Male,69.60.157.198
343,Fraze,Rudledge,frudledge9i@printfriendly.com,Male,9.16.241.231
344,Gabbie,Adelman,gadelman9j@biglobe.ne.jp,Female,128.227.39.82
345,Del,Poskitt,dposkitt9k@cloudflare.com,Female,173.181.63.16
346,Petra,Ohlsen,pohlsen9l@seattletimes.com,Female,127.104.57.44
347,Andromache,Mordacai,amordacai9m@mit.edu,Female,93.208.73.237
348,Caesar,Robertacci,crobertacci9n@sogou.com,Male,180.69.189.91
349,Rodi,Brittles,rbrittles9o@domainmarket.com,Female,230.215.193.131
350,Christabella,Cory,ccory9p@meetup.com,Female,31.111.72.67
351,Pincas,Mouland,pmouland9q@scientificamerican.com,Male,72.58.165.42
352,Grove,Unsworth,gunsworth9r@tuttocitta.it,Male,1.110.138.31
353,Bronson,Dockray,bdockray9s@ocn.ne.jp,Male,142.53.38.226
354,Leonardo,Gook,lgook9t@unblog.fr,Male,200.74.140.19
355,Vincenz,Theuss,vtheuss9u@apache.org,Male,65.167.130.106
356,Kyla,Mobbs,kmobbs9v@skype.com,Female,93.125.21.216
357,Deck,Aslum,daslum9w@time.com,Male,137.85.226.24
358,Bidget,O'Kane,bokane9x@prnewswire.com,Female,221.126.89.155
359,Kin,Joannic,kjoannic9y@privacy.gov.au,Male,232.224.58.99
360,Lorianne,Woodson,lwoodson9z@yellowbook.com,Female,44.27.131.112
361,Dedra,Drayson,ddraysona0@squarespace.com,Female,87.66.50.200
362,Emogene,Doni,edonia1@photobucket.com,Female,231.45.8.34
363,Honey,Swires,hswiresa2@gizmodo.com,Female,233.97.41.192
364,Alyssa,Diggell,adiggella3@ebay.com,Female,78.41.145.231
365,Gert,Pietesch,gpietescha4@bloomberg.com,Female,93.19.135.129
366,Hayes,Critchard,hcritcharda5@liveinternet.ru,Male,220.54.108.70
367,Ardene,Holborn,aholborna6@constantcontact.com,Female,71.23.249.203
368,Eli,Alberti,ealbertia7@stanford.edu,Male,65.70.213.227
369,Joli,Illidge,jillidgea8@blogs.com,Female,133.36.34.220
370,Alice,Adshed,aadsheda9@example.com,Female,223.222.238.156
371,Bill,Butterwick,bbutterwickaa@google.cn,Female,122.46.105.172
372,Georgina,Chesnay,gchesnayab@behance.net,Female,237.174.192.133
373,Darice,Eyden,deydenac@t.co,Female,110.6.123.152
374,Peria,Medley,pmedleyad@creativecommons.org,Female,149.235.158.226
375,Keely,Jirka,kjirkaae@squidoo.com,Female,246.186.202.65
376,Whitman,Iddon,widdonaf@ezinearticles.com,Male,201.6.189.49
377,Connor,Akker,cakkerag@friendfeed.com,Male,138.2.145.181
378,Gretel,Yanshin,gyanshinah@jigsy.com,Female,22.110.234.165
379,Jourdain,Mitkcov,jmitkcovai@prnewswire.com,Male,126.253.35.148
380,Gaultiero,Checchetelli,gchecchetelliaj@cafepress.com,Male,24.34.39.34
381,Jaclyn,MacGuffog,jmacguffogak@webs.com,Female,84.157.201.207
382,Rodi,Caldera,rcalderaal@wikispaces.com,Female,178.117.94.37
383,Melicent,Waumsley,mwaumsleyam@arstechnica.com,Female,129.237.225.117
384,Silvester,Silcox,ssilcoxan@aboutads.info,Male,138.164.149.63
385,Catriona,Attwill,cattwillao@xing.com,Female,248.142.235.124
386,Patience,Fullbrook,pfullbrookap@ycombinator.com,Female,61.154.127.217
387,Xaviera,Grundell,xgrundellaq@arstechnica.com,Female,218.10.44.116
388,Britt,Wasmuth,bwasmuthar@mysql.com,Male,247.39.144.4
389,Sharron,Wesley,swesleyas@homestead.com,Female,219.206.83.29
390,Byrann,Zoephel,bzoephelat@quantcast.com,Male,42.170.60.128
391,Bryna,Zannolli,bzannolliau@dedecms.com,Female,11.28.223.120
392,Jefferey,Biggerstaff,jbiggerstaffav@domainmarket.com,Male,19.223.180.9
393,Galvan,Isaak,gisaakaw@redcross.org,Male,115.233.198.81
394,Manfred,Nunes Nabarro,mnunesnabarroax@artisteer.com,Male,219.104.47.89
395,Welch,Mc Caughen,wmccaughenay@networksolutions.com,Male,143.114.205.152
396,Florian,Fessions,ffessionsaz@livejournal.com,Male,219.66.201.17
397,Gilbertina,Newlands,gnewlandsb0@alibaba.com,Female,41.11.98.57
398,Hughie,Petran,hpetranb1@mediafire.com,Male,106.155.133.72
399,Elga,Ettery,eetteryb2@clickbank.net,Female,191.213.30.22
400,Etti,Reinmar,ereinmarb3@surveymonkey.com,Female,171.153.119.78
401,Dolph,Wedon,dwedonb4@sourceforge.net,Male,251.8.246.44
402,Gun,Santello,gsantellob5@barnesandnoble.com,Male,124.143.21.127
403,Aleta,Dable,adableb6@bloglovin.com,Female,201.0.239.34
404,Morganne,Leagas,mleagasb7@sciencedaily.com,Female,126.16.33.155
405,Carmelita,Matusov,cmatusovb8@artisteer.com,Female,184.192.184.204
406,Benjamen,Merdew,bmerdewb9@uiuc.edu,Male,5.119.142.107
407,Stafford,Gaunson,sgaunsonba@about.com,Male,88.208.168.132
408,Morlee,Trevorrow,mtrevorrowbb@miitbeian.gov.cn,Male,178.238.11.51
409,Aldon,Godson,agodsonbc@trellian.com,Male,161.230.7.82
410,Debby,Baythorp,dbaythorpbd@hhs.gov,Female,108.48.173.119
411,Hartley,Hackney,hhackneybe@omniture.com,Male,183.76.144.53
412,Madalyn,Thouless,mthoulessbf@barnesandnoble.com,Female,192.27.232.178
413,Tessy,Dundendale,tdundendalebg@woothemes.com,Female,206.133.41.63
414,Germain,Fishburn,gfishburnbh@msu.edu,Male,35.77.193.134
415,Ladonna,Loxston,lloxstonbi@biglobe.ne.jp,Female,168.186.209.254
416,Olia,Goodhew,ogoodhewbj@mediafire.com,Female,183.108.25.179
417,Taddeo,Heel,theelbk@wired.com,Male,236.22.186.103
418,Nikos,Spollen,nspollenbl@goodreads.com,Male,229.241.182.80
419,Alfy,Branchett,abranchettbm@timesonline.co.uk,Male,108.27.217.234
420,Lucian,Blencoe,lblencoebn@hp.com,Male,190.89.255.237
421,Leia,Scally,lscallybo@google.cn,Female,208.162.129.26
422,Ware,Sawday,wsawdaybp@dmoz.org,Male,69.144.93.41
423,Phoebe,Firmager,pfirmagerbq@tripod.com,Female,82.158.66.55
424,Nanine,Van Castele,nvancastelebr@tmall.com,Female,33.54.250.13
425,Percy,Franzel,pfranzelbs@home.pl,Male,216.128.202.155
426,Kellina,Poluzzi,kpoluzzibt@phpbb.com,Female,127.113.152.43
427,Sibilla,Whaplington,swhaplingtonbu@live.com,Female,3.220.115.255
428,Nehemiah,Bullin,nbullinbv@shareasale.com,Male,95.65.251.192
429,Arabelle,Wayvill,awayvillbw@unblog.fr,Female,4.65.118.248
430,Maxine,Flood,mfloodbx@tripod.com,Female,182.90.214.240
431,Esther,Baudin,ebaudinby@cnn.com,Female,187.166.93.93
432,Daveta,Ipsgrave,dipsgravebz@msu.edu,Female,43.89.252.1
433,Mitch,Priestley,mpriestleyc0@squidoo.com,Male,218.245.206.137
434,Aubrey,Ruane,aruanec1@taobao.com,Male,80.134.139.232
435,Romain,Martugin,rmartuginc2@youtu.be,Male,90.205.108.30
436,Boigie,Brigman,bbrigmanc3@vkontakte.ru,Male,139.164.238.118
437,Hashim,Stidworthy,hstidworthyc4@chron.com,Male,19.28.23.76
438,Rodrique,Baglan,rbaglanc5@pbs.org,Male,234.57.76.229
439,Carie,Fidelli,cfidellic6@macromedia.com,Female,189.61.162.241
440,Monte,Oloshkin,moloshkinc7@wix.com,Male,78.167.18.33
441,Jeannine,Pauer,jpauerc8@lulu.com,Female,195.125.145.112
442,Daffie,Fermin,dferminc9@adobe.com,Female,183.73.54.193
443,Solomon,Wilcott,swilcottca@topsy.com,Male,213.86.208.240
444,Stafani,Dowdeswell,sdowdeswellcb@google.com,Female,245.152.79.255
445,Augustin,Coggan,acoggancc@guardian.co.uk,Male,99.53.247.116
446,Blanche,Dubble,bdubblecd@who.int,Female,139.66.188.67
447,Eugene,Penticost,epenticostce@about.com,Male,111.243.215.161
448,Nester,Glyssanne,nglyssannecf@abc.net.au,Male,137.207.101.154
449,Tamra,Hartigan,thartigancg@cafepress.com,Female,147.8.228.169
450,Tresa,Hargey,thargeych@moonfruit.com,Female,121.176.129.116
451,Moe,Dow,mdowci@people.com.cn,Male,18.44.179.26
452,Marieann,Nicklin,mnicklincj@patch.com,Female,147.65.17.209
453,Harland,Lucien,hlucienck@list-manage.com,Male,155.214.61.2
454,Myra,Boulden,mbouldencl@samsung.com,Female,190.182.173.30
455,Andrej,Niesel,anieselcm@biblegateway.com,Male,42.212.113.120
456,Mallory,Gabriely,mgabrielycn@omniture.com,Male,234.47.31.94
457,Peter,Tootell,ptootellco@shutterfly.com,Male,116.249.213.186
458,Emylee,Elvin,eelvincp@noaa.gov,Female,51.64.186.174
459,Angeli,Youhill,ayouhillcq@moonfruit.com,Male,64.73.220.89
460,Marie,Eborall,meborallcr@aboutads.info,Female,79.218.109.203
461,Deny,Northcliffe,dnorthcliffecs@skype.com,Female,107.205.216.227
462,Stefania,Iddon,siddonct@ox.ac.uk,Female,200.149.35.184
463,Josephine,Bullivent,jbulliventcu@blog.com,Female,198.214.71.99
464,Hillier,Mellem,hmellemcv@nymag.com,Male,53.142.192.132
465,Lew,O'Lennachain,lolennachaincw@reddit.com,Male,129.60.224.124
466,Chrystal,Lucus,clucuscx@bloglines.com,Female,7.108.139.116
467,Marshall,Hinckley,mhinckleycy@desdev.cn,Male,12.49.31.118
468,Jo,Awcoate,jawcoatecz@cisco.com,Male,123.41.31.232
469,Neala,Selbie,nselbied0@vimeo.com,Female,183.163.143.99
470,Ulberto,Caunce,ucaunced1@uiuc.edu,Male,67.116.162.102
471,Fonz,Manklow,fmanklowd2@live.com,Male,129.118.173.212
472,Damian,Lidgerton,dlidgertond3@businessweek.com,Male,35.206.80.66
473,Vasilis,Hambrook,vhambrookd4@w3.org,Male,130.86.39.153
474,Boycie,Rowter,browterd5@godaddy.com,Male,36.142.79.200
475,Dallis,Mounsie,dmounsied6@yahoo.com,Male,207.146.228.129
476,Yolanda,Boxhill,yboxhilld7@europa.eu,Female,10.141.212.6
477,Saxon,MacCrackan,smaccrackand8@salon.com,Male,114.224.51.28
478,Netta,Bolle,nbolled9@ameblo.jp,Female,249.230.191.46
479,Walden,Joslow,wjoslowda@topsy.com,Male,1.2.88.137
480,Whitaker,Sweatland,wsweatlanddb@va.gov,Male,3.36.84.204
481,Joby,Andrelli,jandrellidc@tamu.edu,Female,74.157.208.182
482,Rube,Samples,rsamplesdd@cnet.com,Male,220.87.131.195
483,Vitia,McEnhill,vmcenhillde@wsj.com,Female,80.69.143.139
484,Betty,Coburn,bcoburndf@nba.com,Female,124.33.58.200
485,Audrey,MacPike,amacpikedg@github.com,Female,172.195.163.39
486,Norrie,Gibson,ngibsondh@adobe.com,Male,118.253.255.167
487,Margarette,Armer,marmerdi@comcast.net,Female,173.229.71.52
488,Cully,Robertacci,crobertaccidj@imageshack.us,Male,234.22.214.78
489,Giustina,Summersett,gsummersettdk@rambler.ru,Female,208.43.199.108
490,Stafford,Basley,sbasleydl@mashable.com,Male,179.196.116.196
491,Rustie,Scawen,rscawendm@bbc.co.uk,Male,20.189.96.141
492,Vinita,Purser,vpurserdn@alexa.com,Female,147.121.9.108
493,Jen,Mordin,jmordindo@bizjournals.com,Female,53.164.28.23
494,Thomasina,Skeermer,tskeermerdp@mapquest.com,Female,175.118.139.115
495,Verile,Sabin,vsabindq@bing.com,Female,42.97.73.186
496,Kennedy,O'Cooney,kocooneydr@goodreads.com,Male,66.214.121.10
497,Klara,Normavill,knormavillds@comcast.net,Female,205.151.119.150
498,Raimondo,Lantaff,rlantaffdt@dropbox.com,Male,201.107.17.168
499,Robinet,Elan,relandu@spotify.com,Male,227.197.249.173
500,Willetta,Copperwaite,wcopperwaitedv@networkadvertising.org,Female,64.158.227.141
501,Katusha,Aldersley,kaldersleydw@topsy.com,Female,251.171.130.229
502,Justin,Dumpleton,jdumpletondx@quantcast.com,Male,162.96.98.64
503,Antin,Dulake,adulakedy@netvibes.com,Male,109.86.42.138
504,Brian,Pinson,bpinsondz@amazonaws.com,Male,169.29.33.188
505,Carlynne,Fashion,cfashione0@bloomberg.com,Female,105.254.34.42
506,Otis,Tapner,otapnere1@narod.ru,Male,214.15.221.5
507,Normie,Blythe,nblythee2@reference.com,Male,226.42.16.147
508,Hannis,Hurler,hhurlere3@statcounter.com,Female,29.101.95.225
509,Christina,Fuzzey,cfuzzeye4@facebook.com,Female,28.118.151.6
510,Ricardo,Killford,rkillforde5@vk.com,Male,252.83.239.116
511,Verile,Bernucci,vbernuccie6@addtoany.com,Female,177.120.165.187
512,Timmie,Izaks,tizakse7@si.edu,Male,200.237.67.226
513,Bettine,Shave,bshavee8@dailymail.co.uk,Female,135.229.182.59
514,Cynde,Leinweber,cleinwebere9@bloglines.com,Female,54.30.98.39
515,Lucina,Dabourne,ldabourneea@sohu.com,Female,116.142.224.83
516,Carmine,Solley,csolleyeb@t.co,Male,67.80.4.73
517,Umberto,Pead,upeadec@walmart.com,Male,19.243.230.105
518,Jolene,Nowak,jnowaked@apache.org,Female,114.238.8.196
519,Hunter,Larn,hlarnee@google.ru,Male,134.198.148.42
520,Ana,Atlay,aatlayef@businessinsider.com,Female,9.224.22.122
521,Aldridge,Scott,ascotteg@4shared.com,Male,181.249.202.98
522,Etheline,Kemmish,ekemmisheh@goo.gl,Female,35.4.204.102
523,Erminia,Just,ejustei@oakley.com,Female,167.73.22.163
524,Franklin,Dehn,fdehnej@alexa.com,Male,18.48.160.40
525,Rivy,Mettericke,rmetterickeek@naver.com,Female,208.218.189.8
526,Lou,Bramwich,lbramwichel@unblog.fr,Male,96.188.146.50
527,Tymothy,Ferryman,tferrymanem@howstuffworks.com,Male,67.77.230.69
528,Sula,Hawse,shawseen@livejournal.com,Female,124.86.39.35
529,Oby,Jaggs,ojaggseo@creativecommons.org,Male,65.143.172.53
530,Merwyn,Aupol,maupolep@weebly.com,Male,208.122.35.88
531,Erv,Hoffmann,ehoffmanneq@freewebs.com,Male,216.240.63.90
532,Krishnah,Mottram,kmottramer@yolasite.com,Male,244.105.26.102
533,Nerte,Formby,nformbyes@cloudflare.com,Female,148.140.83.183
534,Raymond,Shackleton,rshackletonet@facebook.com,Male,235.235.12.247
535,Whitney,Renackowna,wrenackownaeu@pagesperso-orange.fr,Male,161.108.39.94
536,Lucretia,Rewbottom,lrewbottomev@dropbox.com,Female,237.37.227.44
537,Zared,Ruddin,zruddinew@blogs.com,Male,65.100.230.125
538,Nert,Stout,nstoutex@jalbum.net,Female,118.136.65.169
539,Clarance,Windas,cwindasey@hc360.com,Male,28.169.15.49
540,Gil,Frie,gfrieez@taobao.com,Male,157.51.191.240
541,Carlynn,Longfut,clongfutf0@fda.gov,Female,137.92.251.204
542,Angelita,Linfield,alinfieldf1@jiathis.com,Female,115.151.74.245
543,Alberik,Stranaghan,astranaghanf2@reverbnation.com,Male,57.196.86.4
544,Celina,Ruggier,cruggierf3@google.com.au,Female,160.189.97.246
545,Karie,Ruberti,krubertif4@myspace.com,Female,39.176.117.238
546,Barrie,Gissing,bgissingf5@chronoengine.com,Male,56.229.72.87
547,Katti,Black,kblackf6@g.co,Female,34.107.211.192
548,Valentijn,Flatt,vflattf7@4shared.com,Male,217.176.161.64
549,Flori,Mothersole,fmothersolef8@smugmug.com,Female,254.7.147.101
550,Puff,Tatersale,ptatersalef9@illinois.edu,Male,96.120.60.104
551,Inna,Reffe,ireffefa@prlog.org,Female,79.14.100.70
552,Raffarty,Salmons,rsalmonsfb@soundcloud.com,Male,161.179.144.110
553,Rochelle,Bulman,rbulmanfc@studiopress.com,Female,106.1.211.12
554,Ronnica,Lyness,rlynessfd@weebly.com,Female,181.215.68.242
555,Rance,Bartoshevich,rbartoshevichfe@sakura.ne.jp,Male,178.78.255.30
556,Rosaleen,Halliburton,rhalliburtonff@angelfire.com,Female,223.105.54.46
557,Courtnay,Scorrer,cscorrerfg@virginia.edu,Male,108.152.47.158
558,Kissie,Niezen,kniezenfh@auda.org.au,Female,12.39.40.190
559,Meryl,Belchamp,mbelchampfi@hubpages.com,Female,51.252.223.236
560,Oby,Sarchwell,osarchwellfj@google.fr,Male,241.102.160.232
561,Honor,Spurett,hspurettfk@toplist.cz,Female,79.206.181.199
562,Horton,Constanza,hconstanzafl@weebly.com,Male,71.116.49.21
563,Dillie,Cromarty,dcromartyfm@netscape.com,Male,21.103.51.74
564,Giselle,Bilam,gbilamfn@fema.gov,Female,125.72.158.120
565,Becca,Satch,bsatchfo@wix.com,Female,18.92.207.55
566,Kitty,Nisen,knisenfp@disqus.com,Female,83.148.225.223
567,Land,Vearncomb,lvearncombfq@nps.gov,Male,47.107.146.196
568,Coral,Elsmere,celsmerefr@accuweather.com,Female,81.178.132.211
569,Hall,Beringer,hberingerfs@about.com,Male,0.140.190.100
570,Pennie,Breissan,pbreissanft@yahoo.co.jp,Male,193.239.226.65
571,Irwin,Hallut,ihallutfu@prlog.org,Male,216.45.212.116
572,Jayme,Stoltz,jstoltzfv@google.de,Male,224.184.196.135
573,Addi,Rodbourne,arodbournefw@theguardian.com,Female,90.13.103.148
574,Abel,Redmore,aredmorefx@cdc.gov,Male,172.100.184.242
575,Vassili,Cromar,vcromarfy@hexun.com,Male,227.109.64.11
576,Adelheid,Kupka,akupkafz@forbes.com,Female,175.234.200.129
577,Ashlen,Grahame,agrahameg0@comsenz.com,Female,67.125.55.126
578,Meir,Slowan,mslowang1@phoca.cz,Male,31.206.68.24
579,Paulie,Bygate,pbygateg2@unicef.org,Male,50.123.57.154
580,Zitella,Prettyman,zprettymang3@smh.com.au,Female,152.98.158.188
581,Gustav,Soall,gsoallg4@fda.gov,Male,155.50.164.133
582,Jenda,Emblow,jemblowg5@creativecommons.org,Female,128.68.184.17
583,Lazar,Woolvin,lwoolving6@oakley.com,Male,7.112.44.12
584,Ezra,Tarplee,etarpleeg7@geocities.jp,Male,187.246.170.50
585,Irena,Dodell,idodellg8@linkedin.com,Female,11.100.213.64
586,Chip,Alliberton,callibertong9@mysql.com,Male,147.119.109.139
587,Zaccaria,Bromont,zbromontga@who.int,Male,122.7.205.118
588,Morrie,Vermer,mvermergb@squarespace.com,Male,22.79.224.238
589,Brook,Watkiss,bwatkissgc@time.com,Male,125.149.242.248
590,Alfie,Milne,amilnegd@eventbrite.com,Female,226.112.90.174
591,Catharina,Yearnes,cyearnesge@diigo.com,Female,161.124.26.9
592,Felice,Penswick,fpenswickgf@i2i.jp,Male,135.116.91.127
593,Chane,Mushawe,cmushawegg@earthlink.net,Male,12.113.148.16
594,Katharina,Cannon,kcannongh@imgur.com,Female,187.20.213.195
595,Lamar,Jocic,ljocicgi@tripod.com,Male,174.233.48.137
596,Christie,Firmin,cfirmingj@columbia.edu,Male,57.51.27.86
597,Aleece,Dobrovsky,adobrovskygk@intel.com,Female,33.45.224.17
598,Aylmer,O'Loughane,aoloughanegl@naver.com,Male,126.70.71.61
599,Brendis,Semken,bsemkengm@wufoo.com,Male,162.242.236.166
600,Nevins,Omar,nomargn@java.com,Male,199.14.80.106
601,Cliff,Luke,clukego@addthis.com,Male,147.127.232.199
602,Jacquenette,Jaume,jjaumegp@ox.ac.uk,Female,101.0.66.73
603,Mabelle,Swainger,mswaingergq@eepurl.com,Female,243.227.73.15
604,Jobey,Hamments,jhammentsgr@home.pl,Female,50.220.117.217
605,Shir,Litt,slittgs@toplist.cz,Female,242.228.64.212
606,Roselia,Stolting,rstoltinggt@digg.com,Female,138.188.7.107
607,Niven,Sollner,nsollnergu@imgur.com,Male,43.234.24.162
608,Darcie,Genthner,dgenthnergv@vk.com,Female,253.95.190.193
609,Andriette,Monkman,amonkmangw@simplemachines.org,Female,168.60.10.195
610,Andy,Conboy,aconboygx@nba.com,Male,36.51.30.55
611,Melantha,Elliss,mellissgy@stumbleupon.com,Female,129.198.249.35
612,Antonetta,Trulock,atrulockgz@globo.com,Female,18.33.52.86
613,Jennee,Pedro,jpedroh0@google.com.au,Female,20.93.216.92
614,Randolph,Holby,rholbyh1@geocities.jp,Male,62.129.39.1
615,Fayth,Jore,fjoreh2@aboutads.info,Female,198.114.1.128
616,Sapphira,McMurtyr,smcmurtyrh3@stumbleupon.com,Female,227.44.226.18
617,Ondrea,Alwin,oalwinh4@51.la,Female,209.59.19.22
618,Worthington,Inglish,winglishh5@scribd.com,Male,55.185.197.54
619,Brendis,Newis,bnewish6@ca.gov,Male,220.255.213.227
620,Shalna,Hardinge,shardingeh7@usda.gov,Female,220.68.209.218
621,Martha,Fernehough,mfernehoughh8@ihg.com,Female,146.186.147.235
622,Mycah,Bernet,mberneth9@indiegogo.com,Male,74.99.69.124
623,Marillin,Wilkison,mwilkisonha@dot.gov,Female,71.145.103.30
624,Lev,O'Donnelly,lodonnellyhb@opera.com,Male,54.76.20.223
625,Bald,Ziebart,bziebarthc@spotify.com,Male,189.34.219.53
626,Gretta,Belasco,gbelascohd@infoseek.co.jp,Female,125.228.153.73
627,Hettie,Sjollema,hsjollemahe@army.mil,Female,87.253.113.110
628,Bronson,Kindleside,bkindlesidehf@facebook.com,Male,188.106.130.42
629,Laurette,Thresh,lthreshhg@deliciousdays.com,Female,105.165.100.205
630,Morse,Lovett,mlovetthh@nsw.gov.au,Male,189.171.15.245
631,Ilysa,Trevethan,itrevethanhi@bbb.org,Female,177.130.93.232
632,Neal,Worboys,nworboyshj@businesswire.com,Male,217.196.234.154
633,Titus,Warrilow,twarrilowhk@lulu.com,Male,161.150.218.124
634,Devonna,Remmers,dremmershl@booking.com,Female,31.128.124.157
635,Petunia,Aizikovitch,paizikovitchhm@toplist.cz,Female,135.208.234.37
636,Caldwell,Hearl,chearlhn@360.cn,Male,218.133.110.67
637,Hieronymus,Fronsek,hfronsekho@ocn.ne.jp,Male,250.38.171.236
638,Gabriel,Canland,gcanlandhp@cnet.com,Female,78.246.210.236
639,Chaunce,Wadge,cwadgehq@theglobeandmail.com,Male,158.134.8.120
640,Joeann,Durward,jdurwardhr@newyorker.com,Female,230.217.151.19
641,Kassey,McAlinden,kmcalindenhs@cocolog-nifty.com,Female,158.90.22.202
642,Leyla,Penn,lpennht@google.es,Female,184.210.34.207
643,Hogan,Sowley,hsowleyhu@arizona.edu,Male,184.219.50.100
644,Jessamyn,Tomich,jtomichhv@examiner.com,Female,118.203.239.24
645,Maxie,Rubens,mrubenshw@elpais.com,Male,140.121.225.230
646,Lefty,Franzonello,lfranzonellohx@mediafire.com,Male,166.216.170.81
647,Marjie,Brunelleschi,mbrunelleschihy@paypal.com,Female,121.215.65.8
648,Griselda,Moff,gmoffhz@sina.com.cn,Female,100.130.165.48
649,Melodie,Lawfull,mlawfulli0@hp.com,Female,99.110.254.85
650,Dael,Kintish,dkintishi1@tuttocitta.it,Male,28.82.74.47
651,Beulah,Byrcher,bbyrcheri2@ezinearticles.com,Female,181.56.70.66
652,Geno,Groarty,ggroartyi3@senate.gov,Male,73.154.177.62
653,Cory,Camden,ccamdeni4@nifty.com,Female,254.221.146.14
654,Aksel,Gronou,agronoui5@opensource.org,Male,175.27.214.25
655,Earvin,Jerger,ejergeri6@hugedomains.com,Male,103.77.29.108
656,Latia,Bigly,lbiglyi7@twitter.com,Female,72.244.118.249
657,Ursala,Garratt,ugarratti8@hexun.com,Female,167.113.42.138
658,Lenci,Wixey,lwixeyi9@tripadvisor.com,Male,34.48.148.201
659,Edmon,Jersch,ejerschia@biglobe.ne.jp,Male,44.99.143.34
660,Carri,Edgin,cedginib@washingtonpost.com,Female,166.37.14.188
661,Howie,Dalziel,hdalzielic@fotki.com,Male,151.204.106.231
662,Beltran,Rye,bryeid@google.fr,Male,252.153.13.38
663,Rick,Batrop,rbatropie@redcross.org,Male,91.132.64.31
664,Izzy,Moyne,imoyneif@examiner.com,Male,19.209.45.68
665,Pauly,Westcarr,pwestcarrig@printfriendly.com,Female,195.2.199.39
666,Marcel,Goldsbrough,mgoldsbroughih@free.fr,Male,246.240.1.205
667,Neddy,Eleshenar,neleshenarii@chron.com,Male,151.214.134.211
668,Vernon,Costley,vcostleyij@youtube.com,Male,28.254.40.163
669,Lillian,Saint,lsaintik@cocolog-nifty.com,Female,243.70.156.240
670,Nero,Hartropp,nhartroppil@mac.com,Male,15.154.172.42
671,Jerrie,Iacovino,jiacovinoim@loc.gov,Female,235.25.160.200
672,Antonella,Humfrey,ahumfreyin@yellowbook.com,Female,15.132.82.104
673,Brinn,Grigg,bgriggio@businessweek.com,Female,148.157.25.196
674,Rianon,Dennerley,rdennerleyip@goodreads.com,Female,91.94.190.198
675,Edie,Mayou,emayouiq@altervista.org,Female,231.245.117.66
676,Al,Charte,acharteir@squidoo.com,Male,114.139.128.154
677,Vince,Dreakin,vdreakinis@tiny.cc,Male,123.61.97.56
678,Heriberto,Hartle,hhartleit@furl.net,Male,196.166.247.100
679,Olly,Husby,ohusbyiu@hostgator.com,Female,55.193.90.168
680,Magdalena,Frenchum,mfrenchumiv@theguardian.com,Female,76.129.242.83
681,Leese,Chattell,lchattelliw@nationalgeographic.com,Female,114.194.213.15
682,Jaquenette,Hebblewaite,jhebblewaiteix@ifeng.com,Female,119.211.149.171
683,Cher,Frondt,cfrondtiy@bbc.co.uk,Female,183.206.141.245
684,Adela,McKenny,amckennyiz@wunderground.com,Female,205.194.187.184
685,Ash,Stribbling,astribblingj0@vistaprint.com,Male,70.46.91.97
686,Cristiano,MacCumiskey,cmaccumiskeyj1@woothemes.com,Male,172.209.129.39
687,Chrystal,Gaze,cgazej2@hatena.ne.jp,Female,192.101.19.77
688,Darrel,Biaggelli,dbiaggellij3@bing.com,Male,10.90.3.173
689,Annelise,Papaminas,apapaminasj4@weibo.com,Female,29.141.6.145
690,Cliff,Gilluley,cgilluleyj5@bing.com,Male,82.248.2.47
691,Frannie,Crowcroft,fcrowcroftj6@hubpages.com,Female,159.9.104.45
692,Farris,Tott,ftottj7@loc.gov,Male,158.71.153.62
693,Pammie,Harbertson,pharbertsonj8@hugedomains.com,Female,123.29.131.102
694,Whitney,Gordon,wgordonj9@sohu.com,Male,75.178.113.216
695,Eudora,Stannard,estannardja@kickstarter.com,Female,191.3.129.181
696,Emerson,Defau,edefaujb@unicef.org,Male,186.208.165.82
697,Rowan,Minifie,rminifiejc@mapy.cz,Male,158.29.253.51
698,Andonis,Bortolozzi,abortolozzijd@facebook.com,Male,218.237.253.65
699,Sula,Dukes,sdukesje@baidu.com,Female,110.89.144.232
700,Stirling,Giraudeau,sgiraudeaujf@liveinternet.ru,Male,183.49.92.80
701,Cleon,McIlwraith,cmcilwraithjg@aboutads.info,Male,105.225.34.114
702,Hilary,Kingsly,hkingslyjh@de.vu,Male,143.159.75.247
703,Obidiah,Gault,ogaultji@dmoz.org,Male,231.207.134.191
704,Carlye,Cuschieri,ccuschierijj@people.com.cn,Female,136.49.220.213
705,Sollie,Cleere,scleerejk@ebay.co.uk,Male,167.160.102.77
706,Tucky,Fotherby,tfotherbyjl@ftc.gov,Male,68.96.132.218
707,Alberik,Gerner,agernerjm@fastcompany.com,Male,13.202.34.202
708,Patrizia,Cashmore,pcashmorejn@artisteer.com,Female,11.139.241.245
709,Freida,Wreath,fwreathjo@comsenz.com,Female,231.147.90.122
710,Kevin,Orpen,korpenjp@cpanel.net,Male,90.5.73.173
711,Inesita,Gaveltone,igaveltonejq@vk.com,Female,94.109.69.69
712,Chiquia,D'Adda,cdaddajr@illinois.edu,Female,69.146.175.254
713,Faith,Alltimes,falltimesjs@pbs.org,Female,18.201.106.31
714,Van,Sandwich,vsandwichjt@wunderground.com,Female,53.31.237.213
715,Sherie,Walcher,swalcherju@microsoft.com,Female,112.142.30.47
716,Nat,Milmo,nmilmojv@eventbrite.com,Female,39.130.126.18
717,Gawen,Maffia,gmaffiajw@boston.com,Male,153.47.194.17
718,Nomi,Yukhnov,nyukhnovjx@baidu.com,Female,129.204.204.246
719,Shaylyn,Browse,sbrowsejy@ning.com,Female,33.79.118.157
720,Melva,Leighfield,mleighfieldjz@unblog.fr,Female,239.106.111.246
721,Cynde,Cowern,ccowernk0@studiopress.com,Female,175.57.108.96
722,Charley,Worvell,cworvellk1@about.com,Male,119.180.147.5
723,Lebbie,Joselovitch,ljoselovitchk2@nih.gov,Female,148.226.118.223
724,Derrick,Hawke,dhawkek3@senate.gov,Male,63.242.83.45
725,Trev,Glidden,tgliddenk4@rediff.com,Male,100.83.169.194
726,Carling,Dodson,cdodsonk5@businessinsider.com,Male,158.221.188.13
727,Lolita,Jenton,ljentonk6@theatlantic.com,Female,178.70.226.114
728,Nanice,Veart,nveartk7@reverbnation.com,Female,38.218.162.199
729,Shelley,Chisholm,schisholmk8@independent.co.uk,Female,209.155.96.3
730,Dilly,Weagener,dweagenerk9@cmu.edu,Male,18.246.186.6
731,Rudolph,Lamputt,rlamputtka@epa.gov,Male,108.106.205.154
732,Beilul,Ardling,bardlingkb@t-online.de,Female,198.166.251.136
733,Dickie,Dearl,ddearlkc@microsoft.com,Male,228.177.206.82
734,Xavier,Stanning,xstanningkd@cisco.com,Male,83.239.10.29
735,Mar,Ginnane,mginnaneke@howstuffworks.com,Male,16.34.63.27
736,Edin,Colerick,ecolerickkf@noaa.gov,Female,51.21.51.134
737,Thaddus,Silversmid,tsilversmidkg@e-recht24.de,Male,30.83.249.215
738,Robbin,Crease,rcreasekh@fotki.com,Female,159.162.127.6
739,Tull,Lay,tlayki@huffingtonpost.com,Male,33.242.207.58
740,Eduardo,Farens,efarenskj@tinyurl.com,Male,153.243.12.161
741,Gabbie,Atley,gatleykk@google.com.hk,Male,155.241.59.129
742,Rasia,Teresi,rteresikl@icq.com,Female,16.217.12.172
743,Julita,Pither,jpitherkm@noaa.gov,Female,223.166.91.244
744,Ivette,Leet,ileetkn@smh.com.au,Female,176.166.104.13
745,Roley,Bison,rbisonko@topsy.com,Male,193.0.185.203
746,Stoddard,Keavy,skeavykp@wired.com,Female,42.160.136.16
747,Deanna,Banaszczyk,dbanaszczykkq@rediff.com,Female,33.191.209.51
748,Misty,Duiguid,mduiguidkr@360.cn,Female,58.100.187.119
749,Bryan,Faulo,bfauloks@trellian.com,Male,213.64.103.122
750,Cinda,Jodrelle,cjodrellekt@berkeley.edu,Female,67.191.69.202
751,Marget,Piquard,mpiquardku@fastcompany.com,Female,88.133.215.252
752,Tani,Lamborne,tlambornekv@ow.ly,Female,44.223.174.199
753,Keslie,Pardoe,kpardoekw@flavors.me,Female,193.175.115.160
754,Natal,Fussey,nfusseykx@yahoo.co.jp,Male,23.75.208.112
755,Reginald,Doul,rdoulky@rediff.com,Male,13.219.213.227
756,Vittorio,Sumpter,vsumpterkz@devhub.com,Male,78.217.152.178
757,Tye,Dalziell,tdalzielll0@ustream.tv,Male,247.148.175.50
758,Curt,Churchill,cchurchilll1@howstuffworks.com,Male,171.39.123.0
759,Berti,Hirtz,bhirtzl2@hatena.ne.jp,Male,56.12.28.12
760,Paola,Coulthart,pcoulthartl3@deviantart.com,Female,8.62.174.235
761,Sigismondo,Eynaud,seynaudl4@sohu.com,Male,112.52.165.174
762,Camel,Crowdace,ccrowdacel5@cnet.com,Female,191.118.23.138
763,Amelia,Dummett,adummettl6@bravesites.com,Female,146.144.172.235
764,Dunstan,Fitchell,dfitchelll7@miibeian.gov.cn,Male,95.168.75.0
765,Adriano,Abbay,aabbayl8@blogs.com,Male,146.69.215.20
766,Keeley,Excell,kexcelll9@yellowbook.com,Female,44.179.158.142
767,Niki,Barrowcliff,nbarrowcliffla@mashable.com,Male,139.152.28.115
768,Kirby,Teall,ktealllb@php.net,Male,59.41.20.83
769,Bay,Weldrake,bweldrakelc@indiatimes.com,Male,29.246.235.242
770,Matias,Ramey,mrameyld@bluehost.com,Male,104.158.165.175
771,Dot,Giorgini,dgiorginile@surveymonkey.com,Female,147.197.162.131
772,Sande,Burborough,sburboroughlf@desdev.cn,Female,105.126.119.85
773,Jervis,Tuppeny,jtuppenylg@nydailynews.com,Male,174.45.94.167
774,Elbertina,Arkley,earkleylh@yelp.com,Female,219.11.46.142
775,Dorothy,Hindmore,dhindmoreli@woothemes.com,Female,221.147.96.99
776,Jefferey,Palfrey,jpalfreylj@digg.com,Male,112.72.80.76
777,Gawen,Cyples,gcypleslk@shinystat.com,Male,70.252.151.125
778,Daile,Scriviner,dscrivinerll@miibeian.gov.cn,Female,2.41.206.46
779,Lib,Sharpus,lsharpuslm@answers.com,Female,212.121.146.146
780,Jsandye,Walthew,jwalthewln@twitter.com,Female,127.241.216.102
781,Elva,Avrahamy,eavrahamylo@abc.net.au,Female,231.154.76.133
782,Danni,Guthrum,dguthrumlp@cbsnews.com,Female,253.180.188.150
783,Gleda,Tink,gtinklq@bluehost.com,Female,42.65.72.197
784,Perceval,Armsden,parmsdenlr@alibaba.com,Male,46.111.4.112
785,Kev,Guinery,kguineryls@ucoz.ru,Male,196.195.214.26
786,Bryanty,Emmison,bemmisonlt@usgs.gov,Male,15.171.112.244
787,Kristi,Bavidge,kbavidgelu@comsenz.com,Female,47.184.46.49
788,Berton,Pattisson,bpattissonlv@smh.com.au,Male,108.49.188.107
789,Leann,Walisiak,lwalisiaklw@illinois.edu,Female,78.196.234.138
790,Mady,Hillburn,mhillburnlx@nydailynews.com,Female,132.93.76.166
791,Pasquale,Imort,pimortly@lycos.com,Male,232.164.199.138
792,Stephanie,Lillico,slillicolz@bigcartel.com,Female,122.120.200.218
793,Gauthier,Jobes,gjobesm0@examiner.com,Male,127.20.119.243
794,Angelico,Haking,ahakingm1@networkadvertising.org,Male,217.16.74.215
795,Mimi,Heading,mheadingm2@soup.io,Female,138.60.18.81
796,Maggy,Hukin,mhukinm3@slate.com,Female,246.213.66.180
797,Alejoa,Norcross,anorcrossm4@nytimes.com,Male,206.213.54.47
798,Manya,Milne,mmilnem5@amazon.de,Female,73.186.218.1
799,Katrina,Silman,ksilmanm6@tripod.com,Female,3.53.30.132
800,Stillman,Hurkett,shurkettm7@tumblr.com,Male,123.73.84.90
801,Allistir,Risdale,arisdalem8@state.gov,Male,68.100.165.235
802,Quill,Jerrolt,qjerroltm9@angelfire.com,Male,169.102.59.6
803,Dorothea,Frushard,dfrushardma@ezinearticles.com,Female,109.207.39.224
804,Aleksandr,Offill,aoffillmb@dailymotion.com,Male,218.149.67.231
805,Dion,Pearman,dpearmanmc@myspace.com,Male,37.223.221.151
806,Rafaellle,Bolstridge,rbolstridgemd@seesaa.net,Male,27.113.200.106
807,Carri,Gerauld,cgerauldme@archive.org,Female,181.107.101.119
808,Rozamond,Risely,rriselymf@miitbeian.gov.cn,Female,178.20.163.40
809,Sky,Lourenco,slourencomg@webmd.com,Male,219.106.76.42
810,Husein,Adin,hadinmh@acquirethisname.com,Male,105.52.55.20
811,Estele,Cambling,ecamblingmi@ftc.gov,Female,168.105.209.144
812,Jayme,Fairbourn,jfairbournmj@prweb.com,Female,96.164.233.245
813,Claudell,Gerrans,cgerransmk@google.ca,Male,114.29.77.66
814,Millard,Bransdon,mbransdonml@latimes.com,Male,107.62.0.166
815,Anallese,Mathewson,amathewsonmm@craigslist.org,Female,194.44.131.106
816,Goldi,Skottle,gskottlemn@bravesites.com,Female,183.177.132.77
817,Reynard,Densham,rdenshammo@mapy.cz,Male,47.26.200.8
818,Kori,Maghull,kmaghullmp@oakley.com,Female,234.90.98.132
819,Quinn,Allman,qallmanmq@google.com,Female,122.9.186.100
820,Liza,Turpie,lturpiemr@oaic.gov.au,Female,239.108.82.67
821,Lek,Antonoczyk,lantonoczykms@sun.com,Male,124.229.176.89
822,Isabelita,Chaudron,ichaudronmt@arstechnica.com,Female,78.128.71.191
823,Rolf,Clampin,rclampinmu@tinypic.com,Male,60.111.173.157
824,Zelda,Arnell,zarnellmv@delicious.com,Female,225.248.159.50
825,Tasia,Walbrook,twalbrookmw@princeton.edu,Female,23.212.196.9
826,Rubia,De Cruce,rdecrucemx@miitbeian.gov.cn,Female,12.153.200.155
827,Mia,Sked,mskedmy@google.com.br,Female,208.152.183.16
828,Jared,Goater,jgoatermz@odnoklassniki.ru,Male,46.45.21.48
829,Othilie,Allnutt,oallnuttn0@paginegialle.it,Female,175.221.99.49
830,Aaron,Humbert,ahumbertn1@cdbaby.com,Male,9.195.52.160
831,Frederick,Harrald,fharraldn2@hp.com,Male,11.92.167.184
832,Rosmunda,Foldes,rfoldesn3@cnbc.com,Female,127.199.6.70
833,Carlotta,Haensel,chaenseln4@hhs.gov,Female,207.226.172.69
834,Fern,Shreeve,fshreeven5@marketwatch.com,Female,57.110.226.252
835,Karlis,Giraudy,kgiraudyn6@wikimedia.org,Male,243.174.237.228
836,Rollie,Pedley,rpedleyn7@unicef.org,Male,169.68.215.100
837,Marley,Renner,mrennern8@time.com,Female,14.2.175.223
838,Dacey,Mephan,dmephann9@about.me,Female,17.63.196.160
839,Ody,Washington,owashingtonna@google.fr,Male,26.107.165.149
840,Maryjo,Feehan,mfeehannb@nih.gov,Female,19.26.179.198
841,Almeda,Whitlow,awhitlownc@addthis.com,Female,249.24.121.158
842,Worthy,Cudworth,wcudworthnd@usgs.gov,Male,50.72.24.74
843,Roderic,Gheorghe,rgheorghene@diigo.com,Male,57.190.227.66
844,Manda,Arnaut,marnautnf@unesco.org,Female,135.164.16.231
845,Joelle,Ossipenko,jossipenkong@state.tx.us,Female,191.155.223.89
846,Sylas,Dobkin,sdobkinnh@nhs.uk,Male,251.195.229.11
847,Greg,Thowless,gthowlessni@nifty.com,Male,210.74.4.144
848,Audy,Goulbourn,agoulbournnj@nsw.gov.au,Female,50.178.213.232
849,Morey,Odam,modamnk@comsenz.com,Male,238.213.187.140
850,Elspeth,Clayal,eclayalnl@cocolog-nifty.com,Female,28.98.235.105
851,Cassandre,Dilks,cdilksnm@stumbleupon.com,Female,176.122.99.205
852,Lottie,Joll,ljollnn@epa.gov,Female,172.171.178.110
853,Mar,Cokely,mcokelyno@noaa.gov,Male,181.131.23.234
854,Elnar,Huntriss,ehuntrissnp@jimdo.com,Male,3.238.186.139
855,Leone,Gorthy,lgorthynq@themeforest.net,Female,177.117.2.152
856,Esmeralda,Easom,eeasomnr@spotify.com,Female,242.211.235.148
857,Emili,Carthew,ecarthewns@discuz.net,Female,148.62.71.142
858,Tremaine,Fader,tfadernt@microsoft.com,Male,66.116.101.82
859,Tuck,Milliere,tmillierenu@vkontakte.ru,Male,63.53.163.3
860,Winnah,Coatts,wcoattsnv@studiopress.com,Female,12.121.44.186
861,Sydelle,Breed,sbreednw@ucoz.ru,Female,130.206.211.177
862,Arty,Linch,alinchnx@businessinsider.com,Male,230.0.231.130
863,Zorina,Beardsall,zbeardsallny@webs.com,Female,220.29.52.121
864,Tomkin,Lewsley,tlewsleynz@so-net.ne.jp,Male,7.137.143.193
865,Arne,Mathew,amathewo0@netvibes.com,Male,88.33.230.125
866,Adolpho,Gerty,agertyo1@wikispaces.com,Male,129.130.124.182
867,Roselia,Schwartz,rschwartzo2@netscape.com,Female,131.64.36.187
868,Ruperto,Slowly,rslowlyo3@ucoz.com,Male,118.167.50.252
869,Demetrius,Golsthorp,dgolsthorpo4@intel.com,Male,206.213.152.93
870,Bruno,Burtwistle,bburtwistleo5@huffingtonpost.com,Male,87.213.132.202
871,Renie,Chessor,rchessoro6@discuz.net,Female,171.111.73.200
872,Arie,Jiran,ajirano7@cloudflare.com,Male,53.82.223.221
873,Gordon,Klement,gklemento8@digg.com,Male,53.188.121.255
874,Winnie,Pople,wpopleo9@123-reg.co.uk,Male,141.205.106.249
875,Lesya,Lambell,llambelloa@ifeng.com,Female,165.44.20.75
876,Brad,Meynell,bmeynellob@jugem.jp,Male,255.52.95.30
877,Ambrose,Pashan,apashanoc@pcworld.com,Male,166.62.36.107
878,Shandie,Lambourn,slambournod@cnbc.com,Female,150.133.104.216
879,Emmery,Kitchinghan,ekitchinghanoe@seattletimes.com,Male,228.108.198.223
880,Jacqueline,Rochell,jrochellof@github.com,Female,27.107.114.8
881,Ely,Garvey,egarveyog@ftc.gov,Male,73.114.137.20
882,Merle,Andell,mandelloh@cnn.com,Female,214.20.88.45
883,Hetti,Zieme,hziemeoi@intel.com,Female,170.111.193.123
884,Arney,Galiford,agalifordoj@amazonaws.com,Male,105.163.147.66
885,Aurie,Dunstan,adunstanok@cmu.edu,Female,196.109.188.71
886,Ardis,Temby,atembyol@fastcompany.com,Female,136.63.235.67
887,Garv,Locks,glocksom@phpbb.com,Male,96.106.202.252
888,Bertina,Locarno,blocarnoon@ustream.tv,Female,182.143.124.206
889,Rudolfo,Pedrick,rpedrickoo@marketwatch.com,Male,132.203.78.29
890,Estrellita,Maystone,emaystoneop@webmd.com,Female,33.110.153.79
891,Lem,Climo,lclimooq@youtube.com,Male,251.8.102.72
892,Marylou,Impson,mimpsonor@cornell.edu,Female,208.74.121.132
893,Marlane,Tippler,mtippleros@nyu.edu,Female,6.47.63.162
894,Jan,Mundow,jmundowot@so-net.ne.jp,Female,28.203.41.40
895,Doyle,Stowte,dstowteou@goo.gl,Male,61.232.85.222
896,Uri,Vany,uvanyov@opensource.org,Male,84.91.231.35
897,Mitchell,Jacobovitz,mjacobovitzow@latimes.com,Male,186.130.15.12
898,Brice,Andriulis,bandriulisox@ovh.net,Male,151.116.199.37
899,Sadie,Blackwood,sblackwoodoy@simplemachines.org,Female,243.177.151.101
900,Jereme,Armes,jarmesoz@google.es,Male,222.71.1.231
901,Cloe,Powderham,cpowderhamp0@huffingtonpost.com,Female,129.173.216.118
902,Terence,Guerre,tguerrep1@mashable.com,Male,47.28.146.221
903,Candace,Fookes,cfookesp2@soup.io,Female,222.69.200.43
904,Albertina,Struis,astruisp3@blogtalkradio.com,Female,160.158.143.109
905,Orazio,O'Lagene,oolagenep4@whitehouse.gov,Male,3.64.31.101
906,Germaine,Aishford,gaishfordp5@home.pl,Male,121.191.63.23
907,Alvin,Herion,aherionp6@oracle.com,Male,3.80.96.255
908,Wendie,Corderoy,wcorderoyp7@businessweek.com,Female,25.245.96.171
909,Jamey,Easman,jeasmanp8@diigo.com,Male,99.33.217.103
910,Yuma,Coffelt,ycoffeltp9@nymag.com,Male,29.127.194.37
911,Scottie,Edgeller,sedgellerpa@bloomberg.com,Male,222.104.9.6
912,Mollie,Dressel,mdresselpb@wordpress.org,Female,206.59.246.210
913,Enos,Pallent,epallentpc@fda.gov,Male,129.213.100.185
914,Casey,Brough,cbroughpd@google.co.jp,Male,95.165.237.216
915,Kippie,Nowakowski,knowakowskipe@tuttocitta.it,Female,189.21.60.43
916,Paulette,Gaydon,pgaydonpf@webs.com,Female,181.16.162.235
917,Evyn,Ditchfield,editchfieldpg@twitter.com,Male,149.6.99.251
918,Boigie,Mellmoth,bmellmothph@state.gov,Male,112.230.164.178
919,Sherye,Plenderleith,splenderleithpi@google.ca,Female,66.26.136.201
920,Maggy,Prickett,mprickettpj@msn.com,Female,218.79.177.133
921,Lowell,Le Provost,lleprovostpk@jimdo.com,Male,71.200.124.243
922,Nessie,Yellop,nyelloppl@answers.com,Female,11.216.72.245
923,Abbi,Camoys,acamoyspm@seattletimes.com,Female,49.84.35.172
924,Meta,Davidou,mdavidoupn@constantcontact.com,Female,59.17.69.17
925,Robby,Reggler,rregglerpo@elegantthemes.com,Male,178.46.15.43
926,Maia,Gauld,mgauldpp@goo.ne.jp,Female,203.121.27.166
927,Simone,Casson,scassonpq@aol.com,Male,132.165.210.98
928,Olin,Okker,ookkerpr@plala.or.jp,Male,97.13.225.234
929,Tad,Perring,tperringps@mashable.com,Male,220.3.203.194
930,Melosa,Goney,mgoneypt@house.gov,Female,146.246.25.60
931,Layton,Savory,lsavorypu@twitter.com,Male,114.41.59.191
932,Rowan,Dyers,rdyerspv@g.co,Male,47.161.146.178
933,Noah,McAlinion,nmcalinionpw@google.co.jp,Male,148.60.3.81
934,Scotty,Furneaux,sfurneauxpx@jugem.jp,Male,167.102.32.34
935,Ludvig,Sylvester,lsylvesterpy@cnet.com,Male,76.7.138.72
936,Saidee,Thornham,sthornhampz@alibaba.com,Female,172.181.10.53
937,Malachi,Koenraad,mkoenraadq0@wp.com,Male,57.81.44.204
938,Kimberlyn,Croshaw,kcroshawq1@forbes.com,Female,165.17.112.69
939,Wallis,Dabernott,wdabernottq2@bandcamp.com,Male,56.171.31.76
940,Shanon,Werrilow,swerrilowq3@goo.ne.jp,Female,193.209.208.146
941,Matt,Tottie,mtottieq4@zimbio.com,Male,5.42.242.111
942,Bethany,Peotz,bpeotzq5@shinystat.com,Female,240.9.224.233
943,Odele,Worsnup,oworsnupq6@squarespace.com,Female,217.211.83.228
944,Jerrold,Redgrove,jredgroveq7@spotify.com,Male,107.155.186.15
945,Charline,Flindall,cflindallq8@reuters.com,Female,77.165.179.127
946,Natalya,Fossett,nfossettq9@wikipedia.org,Female,8.120.53.65
947,Sauveur,Neilands,sneilandsqa@biglobe.ne.jp,Male,105.55.198.95
948,Field,Dondon,fdondonqb@uol.com.br,Male,226.104.234.9
949,Germaine,Renzini,grenziniqc@sakura.ne.jp,Female,108.62.125.248
950,Karlen,Scamaden,kscamadenqd@zimbio.com,Female,89.8.24.135
951,Anna-diana,Haddrill,ahaddrillqe@plala.or.jp,Female,46.198.82.35
952,Jedidiah,Burchett,jburchettqf@ycombinator.com,Male,120.225.1.71
953,Ron,MacDwyer,rmacdwyerqg@huffingtonpost.com,Male,207.5.105.20
954,Marice,Moorhead,mmoorheadqh@sun.com,Female,100.29.99.207
955,Idalina,MacArd,imacardqi@fc2.com,Female,92.87.72.146
956,Stearn,Rickwood,srickwoodqj@accuweather.com,Male,145.118.66.147
957,Brett,Barnhart,bbarnhartqk@furl.net,Female,233.14.111.163
958,Fianna,Sherrocks,fsherrocksql@boston.com,Female,160.43.13.107
959,Halli,Bibbie,hbibbieqm@unc.edu,Female,119.233.148.120
960,Austin,Fay,afayqn@blogs.com,Female,181.29.130.140
961,Nicoline,Carlino,ncarlinoqo@fc2.com,Female,113.180.163.44
962,Glen,Pregel,gpregelqp@4shared.com,Male,202.232.115.40
963,Esra,Iley,eileyqq@ted.com,Male,67.22.53.194
964,Myrle,Adnam,madnamqr@auda.org.au,Female,207.193.100.182
965,Ashlan,Otham,aothamqs@arizona.edu,Female,235.80.234.36
966,Paige,Garraway,pgarrawayqt@ycombinator.com,Female,235.178.58.72
967,Gunilla,Peschka,gpeschkaqu@msn.com,Female,102.185.155.214
968,Arnie,Doctor,adoctorqv@dmoz.org,Male,76.217.84.241
969,Quintilla,Bacon,qbaconqw@cisco.com,Female,199.241.69.97
970,Clareta,Brehat,cbrehatqx@sitemeter.com,Female,10.140.31.127
971,Tanny,Cowtherd,tcowtherdqy@canalblog.com,Male,232.103.189.236
972,Darrel,Cheesley,dcheesleyqz@flavors.me,Male,207.8.160.161
973,Enrico,Alentyev,ealentyevr0@plala.or.jp,Male,69.51.190.107
974,Orion,O'Hartnett,oohartnettr1@blogspot.com,Male,208.171.23.244
975,Brit,MacTrustram,bmactrustramr2@tinyurl.com,Male,160.210.68.17
976,Brear,Gidney,bgidneyr3@reddit.com,Female,20.100.112.36
977,Benito,Shire,bshirer4@seattletimes.com,Male,118.131.118.99
978,Delmor,Normanvell,dnormanvellr5@ihg.com,Male,212.160.34.91
979,Tildy,Goodridge,tgoodridger6@fda.gov,Female,250.116.185.142
980,Eldin,Lukes,elukesr7@hc360.com,Male,146.141.46.145
981,Darcy,Tipper,dtipperr8@nba.com,Male,160.159.166.205
982,Glenna,Foulser,gfoulserr9@sina.com.cn,Female,100.244.229.146
983,Susanetta,Sager,ssagerra@nifty.com,Female,151.53.126.245
984,Ritchie,Moxson,rmoxsonrb@businessinsider.com,Male,4.25.101.132
985,Astrix,Gabler,agablerrc@myspace.com,Female,240.150.47.211
986,Baxy,Armour,barmourrd@marketwatch.com,Male,6.155.162.70
987,Hedy,Roskeilly,hroskeillyre@cbc.ca,Female,173.253.227.44
988,Stacia,Van Der Hoog,svanderhoogrf@bloomberg.com,Female,34.14.40.1
989,Remus,Wallicker,rwallickerrg@yolasite.com,Male,145.12.18.117
990,Rudolf,Wayper,rwayperrh@stanford.edu,Male,40.165.185.194
991,Aileen,Rubinovitsch,arubinovitschri@baidu.com,Female,230.172.34.149
992,Margarete,Pahl,mpahlrj@sourceforge.net,Female,236.72.149.154
993,Jerrilyn,Fincham,jfinchamrk@seesaa.net,Female,160.135.227.16
994,Ethelin,Reuss,ereussrl@adobe.com,Female,250.148.80.66
995,Giralda,Arnold,garnoldrm@cpanel.net,Female,44.102.110.152
996,Penelopa,Natt,pnattrn@hostgator.com,Female,29.31.229.101
997,Terencio,Pocke,tpockero@yale.edu,Male,130.178.151.37
998,Ashley,Archdeacon,aarchdeaconrp@examiner.com,Male,207.73.94.99
999,Garrard,Bachmann,gbachmannrq@comsenz.com,Male,142.73.15.253
1000,Vittoria,Storrie,vstorrierr@omniture.com,Female,136.225.245.155